	Model Answer	news	label
0	2% da arrecadação com placas do Mercosul no Brasil será destinada à Cuba por meio da entidade Renac (Rreconstrucción Nacional de Cuba).	"Cuba não recebe parte da arrecadação com placas do Mercosul no BrasilCuba não recebe parte da arrecadação com placas do Mercosul no BrasilTwitterFacebookE-mailWhatsAppCuba não recebe parte da arrecadação com placas do Mercosul no BrasilPor Judite Cypreste 29 de novembro de 2018, 18h27TwitterFacebookEmailWhatsAppPublicações no Facebook afirmam que 2% da arrecadação com a adoção de novas placas no padrão Mercosul no Brasil será destinada à Cuba, o que não é verdade. Segundo a peça de desinformação, o repasse seria feito por intermédio de uma entidade chamada Renac (Reconstrucción Nacional de Cuba), mas essa organização não existe, nem o país é membro do Mercosul. Também é falso que o nome da entidade cubana está gravado nas novas placas: a imagem que acompanha os posts foi desmentida pelo Denatran (Departamento Nacional de Trânsito), órgão federal responsável pela implementação do novo modelo.Nos últimos sete dias, oito publicações com essas informações falsas - idênticas, em perfis pessoais, e que já somam, juntas, quase 5.500 compartilhamentos - foram denunciadas por usuários do Facebook. Aos Fatos marcou esses posts com o selo FALSO na ferramenta de verificação da rede social (entenda como funciona).Confira abaixo, em detalhes, o que checamos.FALSOVocê sabia que 2% de toda arrecadação do veículo do Mercosul será destinado para a Entidade Internacional do Mercosul a RENAC, você sabe o que é a RENAC ? (...) RENAC é Reconstrucción Nacional de Cuba.Além do texto com informações falsas, a publicação que tem circulado no Facebook traz uma montagem para fazer crer que a sigla Renac está gravada nas placas padrão Mercosul, o que também não é verdade, segundo informou o Ministério das Cidades ao Aos Fatos.Além disso, no site do Mercosul e do Ministério das Cidades não há qualquer registro ou menção sobre a instituição Reconstrucción Nacional de Cuba ou a sigla RENAC. Vale ainda lembrar que Cuba não é integrante do Mercosul, que engloba Argentina, Brasil, Paraguai, Uruguai e Venezuela (esta última atualmente suspensa do bloco econômico). Cuba nem mesmo faz parte da lista de países que são apenas associados ao Mercosul: Bolívia, que está em processo de adesão; Chile, Colômbia, Equador, Guiana, Peru e Suriname.Segundo a Resolução nº 729, de 06 de março de 2018, responsável por estabelecer o novo sistema de identificação veicular no padrão Mercosul, os únicos elementos que integram as placas são: emblema do Mercosul, Bandeira do Brasil, Bandeira da Unidade da Federação, emblema do município, nome do Brasil e a a sigla ""BR"". Para veículos oficiais e de representação, entidades ou pessoas estrangeiras no país, há elementos específicos, como emblemas e siglas, mas nenhum com referência à RENAC ou a ""Reconstrucción Nacional de Cuba"".Na semana passada, o Denatran anunciou mudanças nos elementos que compõem a placa: os símbolos estaduais e municipais, bem como os símbolos oficiais e diplomáticos, até então previstos na lei, devem ser retirados. Assim, mesmo que haja alteração da localidade do veículo, não haverá a necessidade de uma nova troca de placa para o proprietário. A sugestão ainda será submetida para avaliação do Contran (Conselho Nacional de Trânsito).Nova placa. A adoção das placas chegou a ser suspensa em outubro deste ano, após uma decisão provisória da desembargadora federal Daniele Maranhão Costa, do TRT-1 (Tribunal Regional Federal da 1ª Região). Segundo o decisão, duas razões impediriam a adoção. A primeira, segundo a desembargadora, é que, na resolução que implementou as placas Mercosul, o Denatran ficaria responsável por credenciar as fabricantes de placas, o que, pelo Código de Trânsito Brasileiro seria função dos Detrans. A segunda, foi a falta de um sistema de consultas e troca de informações sobre as novas placas, antes que elas fossem adotadas.A suspensão, no entanto, durou poucos dias, já que o STJ (Superior Tribunal de Justiça) voltou a liberar o emplacamento de automóveis com o novo modelo, após um pedido da União. O Brasil é o terceiro país do Mercosul a adotar o modelo, que já é usado no Uruguai (2015) e na Argentina (2016). No Brasil, o Estado do Rio de Janeiro foi o primeiro a adotar a medida, que deve ser até dia 01 de dezembro nos outros estados do país. TwitterFacebookEmailWhatsAppLeia tambémCinco fatos sobre migraçãoNão é verdade que Moro afastou promotor do caso Queiroz e delegado que investiga morte de MarielleHomem em foto com Flávio Bolsonaro é assessor do senador, não acusado de matar Marielle]"	1
1	Fernando Haddad bêbado e chorando após vitória de Bolsonaro.	"""É #FAKE que vídeo mostra Haddad bêbado e chorando após vitória de Bolsonaro""Texto que acompanha vídeo diz que o petista gravou depoimento bêbado e emocionado depois da derrota para Jair Bolsonaro no 2° turno. Gravação é antiga e foi tirada de contexto. Um vídeo antigo em que o candidato a presidente Fernando Haddad (PT), derrotado neste domingo (28), se emociona e chora voltou a circular na internet. O texto que acompanha o vídeo diz que a gravação mostra o petista bêbado e chorando após a vitória de seu adversário, Jair Bolsonaro (PSL). O vídeo é de setembro deste ano e foi tirado de contexto. Portanto, a mensagem é #FAKE.No vídeo original, de fato, Fernando Haddad se emociona e chora. Bolsonaro não é mencionado, porém, em nenhum momento da gravação. Na ocasião, Haddad lembra um dos últimos encontros que teve com o ex-presidente Lula. O petista conta no depoimento que Lula demonstrou preocupação com ele e com a filha dele, que tinha começado a estudar na universidade.Em alguns dos vídeos viralizados, há também trechos em que o ex-presidente Lula aparece emocionado. Essas imagens também não são recentes.O vídeo editado tem duração de 1 minuto e foi publicado em pelo menos 20 canais do YouTube nas últimas horas. Os títulos usados são ""Haddad e Lula bêbados choram após derrota"", ""HADDAD chora na cadeia com LULA ao perder de lavada para BOLSONARO"", entre outros. Um dos vídeos teve mais de 450 mil visualizações.Assista abaixo ao vídeo publicado pelo PT nas redes sociais em 22 de setembro deste ano:Leia abaixo a transcrição completa de tudo que Haddad diz no vídeo:""Você sabe que tem uma coisa muito difícil de lembrar que foi quando a minha filha foi no Sindicato dos Metalúrgicos do ABC, num clima quase de despedida, né, porque já estava decretada a prisão do Lula, e os meus filhos foram lá e a minha filha tinha recém-entrado na universidade. O Lula estava muito orgulhoso de ela ter entrado na Escola Politécnica, perguntou dela e tal. E, quando ele viu a Carol, ele perguntou: como é que você está na faculdade? Depois que ele se despediu da minha filha, a minha filha me abraçava e chorava como uma criança, me perguntando: ""Como é que ele pode estar preocupado comigo numa situação como essa? A gente vem aqui dar, prestar solidariedade e ele é quem acolhe. Ah, cara, é uma barbaridade. Eu não gosto de falar. Tá tudo errado, cara. Muito errado. É muito grave o que está acontecendo. É um erro histórico. Não é só um erro quanto à pessoa, sabe? É um erro histórico contra o país. Vai sair muito caro isso que está acontecendo."" "	1
2	O PT entrou com uma liminar, pedindo a anulação do Projeto do Bolsonaro com Israel para acabar com a seca do Norde	"É falso que PT pediu liminar para barrar projeto de dessalinização de BolsonaroÉ falso que PT pediu liminar para barrar projeto de dessalinização de BolsonaroTwitterFacebookE-mail<a href=""#"" data-text=*É falso que PT pediu liminar para barrar projeto de dessalinização de Bolsonaro*https://aosfatos.org/noticias/e-falso-que-pt-pediu-liminar-para-barrar-projeto-de-dessalinizacao-de-bolsonaro/Não é verdade que o PT entrará com uma liminar para barrar o projeto anunciado pelo presidente eleito Jair Bolsonaro (PSL) de importar tecnologia de dessalinização de Israel no combate à seca no Nordeste brasileiro. A informação falsa consta em posts que circulam no Facebook desde o fim de semana.Essas mesmas publicações também enganam ao sustentar que advogados ou a presidente da legenda, senadora e deputada federal eleita Gleisi Hoffmann (PT-PR), teriam dito que a seca nordestina não poderia ser combatida, uma vez que seria ""cultural, quase um patrimônio"". Não há registros iguais ou similares na imprensa ou nos perfis em redes sociais da senadora e do próprio Partido dos Trabalhadores.Denunciados por usuários do Facebook, os posts enganosos, juntos, já passam de dois mil compartilhamentos. Os conteúdo foram marcados por Aos Fatos com o selo FALSO na ferramenta da verificação da rede social (entenda como funciona).Confira abaixo mais detalhes do que checamos.FALSO_""O PT entrou com uma liminar, pedindo a anulação do Projeto do Bolsonaro com Israel para acabar com a seca do Norde"	1
3	Luiz Inácio Lula da Silva alcançou atualmente popularidade recorde, chegando a 95%.	"""É #FAKE que pesquisa atual mostre popularidade recorde de Lula""Dados sobre aprovação do ex-presidente são resultado de pesquisa realizada em 2010. Após o Partido dos Trabalhadores (PT) confirmar a chapa que concorrerá a Presidência da República, circula pelas redes a mensagem de que o ex-presidente Luiz Inácio Lula da Silva alcançou atualmente popularidade recorde, chegando a 95%. Ela é #FAKE.Os dados correspondem a uma pesquisa realizada pelo Ibope em 2010, encomendada pela Confederação Nacional da Indústria (CNI). Na época, ao fim do segundo mandato, Lula alcançou o recorde de aprovação e popularidade de 87%. Desde então, não foram realizadas novas pesquisas sobre a popularidade e aprovação da maneira de governar do ex-presidente.O ""Portal Veja Agora"" foi um dos sites que publicaram os dados da pesquisa no último dia 5, copiando um trecho de uma reportagem do G1, publicada em 2010. A data e o título da postagem levam o leitor a entender que a pesquisa é recente.O índice de 95%, propalado na mensagem, não se refere à aprovação nacional do governo de Lula, mas à avaliação pessoal do ex-presidente em apenas uma região do país: o Nordeste. Na mesma pesquisa, Lula obteve aprovação de 90% no Norte e Centro-Oeste, 85% no Sudeste e 80% no Sul.Em dezembro de 2017, na página oficial do ex-presidente, atualmente preso em Curitiba acusado de corrupção passiva e lavagem de dinheiro, ele também citou a mesma pesquisa. Na descrição relembrou que os dados mostravam ele ""batendo recordes de popularidade no final do seu governo, nesse exato dia há sete anos"". "	1
4	"""O presidente da República decreta mobilização nacional, devendo se apresentar todos os homens brasileiros, de 18 (dezoito) a 60 (sessenta) anos de idade, independente do estado civil, às 18h do dia 1 de março de 2019 (sexta-feira), para treinamento militar, de caráter sigiloso e com término no dia 06 de março de 2019 (quarta-feira de cinzas)."""	" #Verificamos: É falso (e brincadeira de carnaval) decreto em que Bolsonaro convoca treinamento militarImagem de suposto documento presidencial viralizou nas redes sociais e no WhatsApp associado à crise na VenezuelaCircula em redes sociais e aplicativos de mensagem a imagem de um suposto decreto que teria sido assinado pelo presidente Jair Bolsonaro (PSL) no dia 25 de fevereiro de 2019, determinando a mobilização nacional de todos os homens com idade entre 18 e 60 anos para treinamento militar durante o período do carnaval. A medida estaria prevista na Constituição e teria o objetivo de preparar o país para uma agressão estrangeira. De acordo com o texto do ""decreto"", o Brasil estaria prestes a entrar em conflito armado com a Venezuela, país que fechou fronteiras e vive uma intensa crise política, econômica e social. Por meio do projeto de verificação de notícias, usuários do Facebook solicitaram que esse material fosse analisado. Confira a seguir o trabalho de verificação da Lupa:""O presidente da República (...) decreta (...) mobilização nacional, devendo se apresentar todos os homens brasileiros, de 18 (dezoito) a 60 (sessenta) anos de idade, independente do estado civil, às 18h do dia 1 de março de 2019 (sexta-feira), para treinamento militar, de caráter sigiloso e com término no dia 06 de março de 2019 (quarta-feira de cinzas)""Trecho de suposto decreto presidencial que circulava nas redes sociais e em aplicativos de mensagem no dia 26 de fevereiro de 2019FALSOO texto analisado pela Lupa é, na verdade, uma brincadeira de carnaval. Apesar de reproduzir toda a estrutura dos documentos oficiais do governo federal, o decreto acima é falso.O número que aparece na imagem - 9.715 - corresponde ao do próximo decreto a ser assinado pelo presidente Jair Bolsonaro. O último emitido por ele (num levantamento feito até 26 de fevereiro de 2019) levava o número 9.714 e tinha saído no Diário Oficial da União em 22 de fevereiro. Tratava do aumento de capital social do Banco Nacional de Desenvolvimento Econômico e Social (BNDES) e da Caixa Econômica Federal e de ações da Petrobras. Como a data do decreto falso é 25 de fevereiro, ele deveria ter saído no Diário Oficial no dia seguinte, o que não ocorreu. Veja a imagem:É importante saber que a Lei n° 11.631/07 determina como deve ocorrer a mobilização nacional. Sua decretação deve especificar o local do país onde as ações serão implementadas e todas as medidas necessárias para isso - o que o documento falso não faz. A convocação de civis e militares é apenas um dentre vários outros itens previstos. Até mesmo a produção, a comercialização, a distribuição e o consumo de bens e serviços podem ser alterados.Outro erro no texto do ""decreto"" está no modo como as autoridades assinam o documento. São citados os cargos do ministro da Defesa, Fernando Azevedo e Silva, e dos comandantes militares. Por regra, as assinaturas não vêm acompanhadas da função que cada um deles ocupa no governo.O falso decreto ainda informa"" que o treinamento militar deverá ocorrer em caráter sigiloso - mas, se isso está no texto, a informação não tem como ser confidencial. Todos os convocados ""vão ficar incomunicáveis"" até a quarta-feira de cinzas. Nota: esta reportagem faz parte do projeto de verificação de notícias no Facebook. Dúvidas sobre o projeto? Entre em contato direto com o Facebook.Editado por: Cristina Tardáguila"	1
5	Os presos no Brasil recebem salário sem trabalhar.	"""Declaração Universal dos Direitos Humanos: veja frases #FAKE sobre o tema nos 70 anos de aniversário do documento""Documento foi adotado pela Organização das Nações Unidas (ONU) em 1948. Ao menos cinco mitos recorrentes são propalados. A Declaração Universal dos Direitos Humanos completa 70 anos nesta segunda-feira (10), mas muita desinformação ainda circula sobre o tema nas redes sociais e no WhatsApp. O Fato ou Fake desfaz agora alguns mitos em torno do assunto, envolvendo minorias, impunidade, presidiários, índios e até a própria ONU, organização que congrega hoje 193 nações e sancionou a declaração em 1948.A Declaração Universal dos Direitos Humanos dispõe de 30 artigos que detalham direitos universais que devem ser respeitados e garantidos a todos os seres humanos, do direito à vida aos direitos à alimentação, educação, trabalho, saúde e liberdade. Já no seu segundo artigo, o documento esclarece justamente que ""todo ser humano tem capacidade para gozar os direitos e as liberdades estabelecidos nesta Declaração, sem distinção de qualquer espécie, seja de raça, cor, sexo, idioma, religião, opinião política ou de outra natureza, origem nacional ou social, riqueza, nascimento, ou qualquer outra condição"". Ou seja, os direitos humanos se aplicam a todos os indivíduos.A declaração prevê ainda que não deve ser feita distinção com base na condição política, jurídica ou internacional do país ou território a que pertença uma pessoa, quer se trate de um território independente, sob tutela, sem governo próprio, quer sujeito a qualquer outra limitação de soberania.O texto é claro ao dizer que todos os seres humanos devem cumprir a lei e que as vítimas têm direito à proteção da legislação. Quem comete um crime também tem direito a um julgamento justo. ""No exercício de seus direitos e liberdades, todo ser humano estará sujeito apenas às limitações determinadas pela lei, exclusivamente com o fim de assegurar o devido reconhecimento e respeito dos direitos e liberdades de outrem e de satisfazer as justas exigências da moral, da ordem pública e do bem-estar de uma sociedade democrática"", diz trecho do artigo 29.A declaração também garante o direito à proteção contra qualquer discriminação ou incitamento à discriminação, no seu artigo 7. Já os artigos 5, 9, 10 e 11 condenam excessos como prisões arbitrárias, torturas ou aplicação de penas maiores que as previstas para uma ação e destacam o direito a um julgamento com garantia de defesa dos acusados.A Organização das Nações Unidas (ONU), responsável pela Declaração Universal dos Direitos Humanos, foi criada com a Carta de São Francisco em 26 de junho de 1945 com a assinatura de 51 nações, entre elas Brasil, Estados Unidos, Argentina, Arábia Saudita, França e Reino Unido. Atualmente são 193 nações-membro, com diferentes sistemas de governo e ideologias políticas, e a organização é chefiada pelo secretário-geral António Guterres.Guterres foi primeiro-ministro de Portugal pelo Partido Socialista e chefe do Alto Comissariado das Nações Unidas para os Refugiados (Acnur) de 2005 a 2015, mas foi escolhido para o cargo por unanimidade em 2016 durante a Assembleia-Geral da ONU, em uma eleição com a participação de todos os estados-membro, que tomam decisões em conjunto. Antes dele, o posto foi ocupado pelo sul-coreano Ban Ki-Moon e pelo ganês Kofi Annan.A indicação do secretário-geral é feita antes pelo Conselho de Segurança, um dos principais órgãos da ONU atualmente que tem 15 membros, sendo cinco deles permanentes e com direito a veto, representando diferentes matizes políticos: Estados Unidos, Rússia, Reino Unido, França e China. O Reino Unido, por exemplo, já tinha como primeira-ministra a conservadora Theresa May, que sucedeu seu colega do Partido Conservador, David Cameron.Os presos no Brasil não recebem salário sem trabalhar. O que existe é o auxílio-reclusão, um benefício previsto em lei desde 1960 e destinado aos dependentes dos detentos. É importante destacar que não são todos que têm direito ao benefício, mas apenas aqueles que eram contribuintes da Previdência antes da reclusão, que tinham um salário menor ou igual ao limite de R$ 1.319,18, e que cumprem pena regime fechado ou semiaberto. No caso deste último, só tem direito ao benefício o preso que cumpra a pena em colônia agrícola, industrial ou similar.Caso o segurado seja posto em liberdade, fuja da prisão ou passe a cumprir pena em regime aberto, o benefício é cancelado. Além disso, o preso não pode receber remuneração de nenhuma empresa ou já ser beneficiado por auxílio-doença ou aposentadoria.O benefício será dividido em partes iguais por todos os dependentes habilitados: cônjuge ou companheiro de união estável com mais de dois anos de relacionamento, filhos, enteados, menor tutelado ou irmãos que comprovem a dependência e tenham menos de 21 anos. Pais e irmãos precisam comprovar dependência econômica.A idade do dependente influencia a duração do auxílio. Para os menores de 21 anos, a duração máxima é de 3 anos, exceto em casos de invalidez ou deficiência. Para aqueles com idade entre 21 e 26 anos, a duração passa a ser de 6 anos. Já para dependentes de 27 e 29 anos, são 10 anos de recebimento. O auxílio-reclusão pode durar 15 anos para dependentes de 30 a 40 anos, e 20 anos para aqueles que têm entre 41 e 43 anos. Apenas a partir de 44 anos, o benefício é vitalício.Segundo a Fundação Nacional do Índio (Funai), há hoje no Brasil 556 terras indígenas homologadas ou em processo de demarcação, que somam 1,171 milhões de km2. Esta área representa 13,8% dos 8,5 milhões de km2 do território brasileiro. Trata-se de uma extensão bem menor do que a área destinada para a agropecuária no Brasil, de 3,5 milhões de km2, o que representa 41% das terras brasileiras. Os dados são do Censo Agropecuário 2017, realizado pelo IBGE.Segundo o Instituto Socioambiental (ISA), a maioria das terras indígenas está em áreas de preservação. No território da Amazônia Legal estão 59% delas e, na região de Mata Atlântica, 30%. O cálculo do ISA inclui também as terras em fase de identificação. "	1
6	"""Não é hora de combater a fome, a miséria, muito menos o analfabetismo. É hora de combater o PT e o comunismo."""	"Ernesto Araújo não postou que combater o PT é mais importante que erradicar miséria; tweet é falsoErnesto Araújo não postou que combater o PT é mais importante que erradicar miséria; tweet é falsoTwitterFacebookE-mailWhatsAppErnesto Araújo não postou que combater o PT é mais importante que erradicar miséria; tweet é falsoPor Luiz Fernando Menezes 14 de janeiro de 2019, 15h59TwitterFacebookEmailWhatsAppUm tweet postado por um perfil que satiriza o ministro das Relações Exteriores, Ernesto Araújo, tem sido compartilhado no Facebook como se fosse real. A publicação atribui ao chefe do Itamaraty declaração de que ""não é hora de combater a fome, a miséria, muito menos o analfabetismo. É hora de combater o PT e o comunismo"". Ele nunca disse isso.O conteúdo mostra o perfil falso com o nome do ministro, mas, hoje, a mesma conta usa a alcunha Ernesto Sensato. O endereço também é quase igual ao original: em vez de @ernestofaraujo, utiliza @ermestofaraujo, com a letra ""M"". É desta forma que o post vem enganando usuários das redes sociais.Denunciadas no Facebook, publicações que reproduzem o tweet sem o alerta de se tratar de uma paródia foram marcadas com o selo FALSO na ferramenta de verificação da rede social (entenda como funciona).FALSOErnesto Araújo: Não é hora de combater a fome, a miséria, muito menos o analfabetismo. É hora de combater o PT e o comunismo. Vamos juntos!A imagem que circula nas redes sociais como se fosse real foi extraída de um perfil que, hoje, se apresenta como uma sátira ao ministro Ernesto Araújo. Porém, nem sempre foi assim. Semanas atrás, ele - @ermestofaraujo (com a letra ""M"") - não deixava claro que era uma conta falsa ou humorística e usava o mesmo nome e foto do atual chefe do Itamaraty. Atualmente, o perfil mudou o nome para ""Ernesto Sensato"" e afirma ser uma ""Conta satírica. Não-oficial. Repito: conta satírica, não-oficial"". Isso não impediu, porém, a disseminação de prints com o tweet no formato anterior.Nas últimas semanas, diversas contas similares a essa tem sido suspensas pelo Twitter por violação de regras do site, pois a rede entende que perfis de sátira precisam deixam bem claro que não são reais. No último sábado, Aos Fatos mostrou que a proliferação de contas que satirizam jornalistas e meios de comunicação tem contribuído para a disseminação de notícias falsas nas redes sociais.Veja abaixo como o tweet compartilhado de forma enganosa pode ser conferido hoje:Por mais que Araújo já tenha dito que iria ""extirpar das relações internacionais brasileiras a ideologia do PT"" e tenha um histórico de críticas ao comunismo e ao marxismo, Aos Fatos não identificou posicionamentos - dentro e fora do Twitter - em que ele coloque o combate à esquerda e ao Partido dos Trabalhadores na frente de problemas como a fome e o analfabetismo.Procurado por Aos Fatos por meio da assessoria, o Ministério das Relações Exteriores respondeu que não comentará o assunto.Este é o segundo caso recente de informações falsas propagadas por contas que se apresentam como sátiras. Na última semana de dezembro, Aos Fatos checou como FALSO um tweet do perfil @monicabengamo (que acabou sendo suspenso) que dizia que o PT teria entrado com uma liminar para anular o projeto de dessalinização proposto por Bolsonaro. Mesmo sendo mentira, a postagem foi amplamente compartilhada e até hoje é publicada nas redes sociais como se fosse real.Esta checagem foi atualizada às 16h25 do dia 14 de janeiro de 2019 para acrescentar a resposta do Itamaraty.TwitterFacebookEmailWhatsAppLeia tambémCinco fatos sobre migraçãoNão é verdade que Moro afastou promotor do caso Queiroz e delegado que investiga morte de MarielleHomem em foto com Flávio Bolsonaro é assessor do senador, não acusado de matar Marielle]"	1
7	"""Só passando para lembrar a vocês que o número de Jair Bolsonaro é 13"""	" #Verificamos: cuidado com santinhos com números de urna trocadosImagens que circulam na internet mostram o rosto de um político e o número de outro. Não seja enganadoCirculam na internet e por mensagens de WhatsApp imagens de presidenciáveis com números de urna trocados. Por meio do projeto de verificação de notícias, usuários do Facebook solicitaram que algumas dessas informações fossem analisadas. Confira a seguir o trabalho da Lupa (que poderá ser atualizado ao longo de toda a campanha eleitoral):""Só passando para lembrar a vocês que o número de Jair Bolsonaro é 13""Imagens que circulam no Facebook (aqui,aquie aqui) e que até as 14h do dia 20 de agosto de 2018 já tinham mais de 10 mil interações na rede socialFALSOAo contrário do que informa a imagem acima, o número de Jair Bolsonaro, candidato do PSL à Presidência da República, na urna eletrônica é 17 - não 13.""Não vamos desistir do Brasil. Presidente Marina 17""Imagem que circula no Facebook eno WhatsAppFALSOAo contrário do que informa a imagem acima, o número de Marina Silva, candidata da Rede ao Palácio do Planalto, na urna eletrônica é 18 - não 17. ""Geraldo Alckmin 17 Presidente""Imagens que circulam no Facebook (aqui) no WhatsAppFALSOAo contrário do que informa a imagem acima, o número de Geraldo Alckmin, candidato do PSDB à presidência, na urna eletrônica é 45 - não 17. ""Guilherme Boulos presidente - PSOL 17""Imagem que circula no WhatsAppFALSOAo contrário do que informa a imagem acima, o número de Guilherme Boulos, presidenciável do PSOL, na urna eletrônica é 50 - não 17.O que diz o FacebookA Agência Lupaprocurou o Facebook para que comentasse esse material, e a empresa emitiu a seguinte nota, informando sobre a remoção do conteúdo:""Os conteúdos (acima linkados) foram removidos por ferir os Padrões da Comunidade do Facebook, que não permitem declarações de intenção ou apoio a fraude"".Esta medida não tem qualquer relação com o projeto de verificação de notícias do qual a Lupa faz parte.Confira a seguir os números corretosAlvaro Dias (Podemos): 19Cabo Daciolo (Patriota): 51Ciro Gomes (PDT): 12Eymael (DC): 27Geraldo Alckmin (PSDB): 45Guilherme Boulos (PSol): 50Henrique Meirelles (MDB): 15Jair Bolsonaro (PSL): 17João Amoêdo (Novo): 30João Vicente Goulart (PPL): 54Lula (PT): 13Marina Silva (Rede): 18Vera Lúcia (PSTU): 16*Nota: esta reportagem faz parte do projeto de verificação de notícias no Facebook. Dúvidas sobre o projeto? Entre em contato direto com o Facebook.Editado por: Clara Becker e Leandro Resende"	1
8	Militantes do PT agredindo a pontapés um cidadão com uma camisa do Brasil durante uma campanha de 2018.	" #Verificamos: É antiga e foi adulterada imagem usada para acusar petistas de agredir defensores de BolsonaroFoto original é de 2015 e foi tirada em ato feito em apoio à Petrobras. Não há relação com campanha de 2018Circula nas redes sociais uma imagem que mostra militantes do PT agredindo a pontapés um cidadão com uma camisa do Brasil. A legenda que acompanha a foto diz que se trata de um flagrante da intimidação a pessoas que adesivam carros em apoio ao candidato do PSL à Presidência da República, Jair Bolsonaro. Por meio do projeto de verificação de notícias, usuários do Facebook solicitaram que essa foto fosse analisada. Confira a seguir o trabalho de verificação da Lupa:""Estão intimidado pessoas que estão adesivando os carros com apoio a Bolsonaro""Texto que acompanha foto que, até as 12h30h do dia 25 de setembro de 2018 já tinha sido compartilhada mais de 23 mil vezes no FacebookFALSOA imagem acima é uma montagem e não tem qualquer relação com a campanha eleitoral de 2018. Na foto original, feita pelo fotógrafo Antonio Lacerda, da Agência EFE, a pessoa agredida não veste a camisa do Brasil, mas uma camiseta branca.A EFE, empresa detentora dos direitos da imagem, informa ainda que que a imagem data de fevereiro de 2015 e foi feita no centro do Rio de Janeiro, em um ato promovido pela Central Única dos Trabalhadores (CUT) em defesa da Petrobras.De acordo com a agência de notícias espanhola, o conflito se deu quando os sindicalistas se encontraram com um grupo de manifestantes que tentavam boicotar o evento, defendendo investigações na empresa. Ou seja, a afirmação de que seria um ato contra pessoas adesivando carros com apoio a Bolsonaro é falsa.*Nota: esta reportagem faz parte do projeto de verificação de notícias no Facebook. Dúvidas sobre o projeto? Entre em contato direto com o Facebook.Editado por: Cristina Tardáguila e Leandro Resende"	1
9	"""Deveria ter ficado em casa ao invés de ir às ruas""."	" #Verificamos: Lulu, Miriam, Catra, Sergio Reis e Roger não escreveram carta aberta criticando o BrasilTexto publicado por artista plástico em 2013 vem sendo equivocadamente atribuído a diversas personalidadesCirculam nas redes sociais ""notícias"" de que o cantor Lulu Santos teria publicado uma carta aberta no Jornal Diário de São Paulo dizendo-se arrependido de ter lutado contra a ditadura. ""Deveria ter ficado em casa ao invés de ir às ruas"". Por meio do projeto de verificação de notícias, usuários do Facebook solicitaram que essas informações fossem verificadas. Confira a seguir a análise da Lupa:""Lulu Santos em carta aberta sobre o Brasil: não podemos admitir""Conteúdo de postagens feitas pelos sites Verdade Mundial, Portal do Zacarias, Cidmahtuk e BlogonoffFALSOAs ""notícias"" que tratam da carta atribuída a Lulu Santos informam que o texto supostamente escrito pelo cantor teria sido publicado no jornal Diário de São Paulo, no dia 26 de maio de 2018. Este jornal, no entanto, teve sua última edição no dia 23 de janeiro deste ano. Não houve, portanto, uma edição na data anunciada. Além disso, em sua conta de Twitter, o próprio Lulu Santos publicou uma nota de repúdio, dizendo que o texto em questão é ""absolutamente falso, fake news da pior espécie"". Em uma pesquisa no Google, é possível verificar que a mesma ""carta"" já foi atribuída a pelo menos outras quatro personalidades ao longo dos últimos anos. Em fevereiro de 2014, diversos sites (Barriguda News e Homem Culto, por exemplo) afirmaram que Roger Moreira, cantor do Ultraje a Rigor, teria publicado o desabafo. Assim como Lulu Santos, Roger se valeu de sua conta de Twitter para desmentir o texto. ""Embora eu concorde, esse texto não é meu"", ele tuitou. O Barriguda News corrigiu a informação. Em março de 2016, foi a vez de a jornalista Miriam Leitão publicar esclarecimento em seu blog no jornal O Globo: ""eu nunca me arrependi de ter lutado contra a ditadura. Permanece sendo um orgulho"". Na época, o blog Aveiro123 era um dos que atribuía a ela a falsa carta aberta contra o Brasil. Em 2017, o deputado federal e cantor Sérgio Reis foi o atacado da vez. Pelo menos 13 sites diferentes disseram que a tal carta seria de sua autoria. Entre as páginas que atrelavam seu nome a esse conteúdo estavam: JucuruNet, Toluna, Gobgo, AcontecendoOnline, Paardesafios, ReporterNemSilva, BlogdoVavadaLuz, SergioFroz, Azenka, JosueDuarteNotícias, VicenteAlencar, MaAvieira e IsmaelitaMelo.Depois, a carta passou a ser atribuída a Mr. Catra por páginas como o site DeOlhoNews. Assim como Lulu Santos, o rapper teria publicado o texto no Diário de São Paulo em maio deste ano - mais uma vez, depois de a publicação já ter saído de circulação. No pé da reportagem ainda consta um pedido típico das notícias falsas: ""Se você repassar para somente 2 amigos nas primeiras horas, em 28 horas toda a população brasileira vai tomar conhecimento deste ABSURDO"". A Lupa chegou à carta original - que de fato foi publicada no Diário de São Paulo - e constatou que ela foi escrita pelo pintor artístico Rogério Moreira. O texto saiu impresso no jornal no dia 28 de maio de 2013. Veja a imagem. Ao telefone, Rogério Moreira riu ao ser questionado sobre essa checagem. ""Meu texto já foi atribuído a Deus e o mundo"".Esta checagem contou com a contribuição da equipe do boatos.org, que já havia feito verificação semelhante sobre Lulu, Rogere outros.*Nota: esta reportagem faz parte do projeto de verificação de notícias no Facebook. Dúvidas sobre o projeto? Entre em contato direto com o Facebook.Editado por: Cristina Tardáguila e Chico Marés"	1
10	Dos 38 deputados que votaram contra o impeachment do Collor em 1992, 37 não se elegeram mais, nem para síndico de prédio.	"PMDB usa dado errado sobre apoio a Collor para convencer deputados pelo impeachmentPMDB usa dado errado sobre apoio a Collor para convencer deputados pelo impeachmentTwitterFacebookE-mailWhatsAppPMDB usa dado errado sobre apoio a Collor para convencer deputados pelo impeachmentPor Tai Nalon 14 de abril de 2016, 06h58TwitterFacebookEmailWhatsAppIntegrantes da oposição têm usado na Câmara o argumento de que 37 dos 38 deputados que votaram contra o impeachment do ex-presidente Fernando Collor, em 1992, não se reelegeram. Segundo essa versão, apenas o ex-deputado Roberto Jefferson (PTB-RJ), que era contra o afastamento do então presidente, sobreviveu politicamente.No último sábado (9), o PMDB publicou em sua conta oficial no Twitter a mesma afirmação, conclamando deputados a votar favoravelmente ao impeachment da presidente Dilma Rousseff devido aos ""ensinamentos da história"".Aos Fatos checou essas afirmações e verificou que 26 dos 38 deputados permaneceram ativamente na vida política-sendo 21 deles com algum tipo de mandato eletivo. A reportagem conferiu se os deputados em questão disputaram cargos nas eleições de 1994 para qualquer dos cargos do Executivo e do Legislativo. Também verificou se os políticos continuaram na vida pública e na órbita do poder, mesmo sem mandato.Veja, abaixo, por que demos o selo FALSO à afirmação do PMDB.FALSODos 38 deputados que votaram contra o impeachment do Collor em 1992, 37 não se elegeram mais, nem para síndico de prédio. Fica o lembrete aos nossos caros deputados. Apenas Roberto Jefferson se reelegeu.A lista de votantes na sessão da Câmara que aprovou em 1992 o processo de impeachment de Collor relaciona 38 deputados contra o afastamento do então presidente. Desses, 13 se reelegeram deputados federais em 1994, pleito imediatamente posterior à queda do agora senador por Alagoas. É o caso de Roberto Jefferson, citado pelo PMDB, mas também de Abelardo Lupion (DEM-PR), Átila Lins (PSD-AM) e Nelson Marquezelli (PTB-SP)-os três com mandato de deputado atualmente e os dois últimos favoráveis ao impeachment de Dilma.O político de atuação mais destacada desse grupo foi Luís Eduardo Magalhães (PFL-BA), morto em 1998. Filho do então presidente do Senado, Antônio Carlos Magalhães (PFL-BA), o deputado era líder do governo na Câmara sob Fernando Henrique Cardoso e cotado para disputar as eleições presidenciais em 2002.Veja quem são e como estão todos os 38 políticos em nossa tabela detalhada.Dos 38, outros 13 não se reelegeram em 1994, mas voltaram a ocupar cargos públicos pouco depois. Alguns viraram prefeitos, deputados, senadores, chefes de estatais e secretários de estado e municípios.O caso mais emblemático é o de Euclydes Neto (PTB-AL), que é, hoje, primeiro suplente do próprio ex-presidente Fernando Collor no Senado. Entre 2007 e 2008, quando Collor se licenciou para disputar o governo de Alagoas, Neto assumiu seu posto.Outro que não se reelegeu em 1994, mas tem atuação política influente no Congresso ininterruptamente desde 1999 é o senador Ronaldo Caiado (DEM-GO), líder de seu partido na Casa e notório apoiador do impeachment de Dilma. Naquele ano, disputou as eleições para o governo de Goiás e terminou a campanha em terceiro lugar.Paulo Octávio (então PRN-DF) também teve atuação destacada quando voltou à Câmara, em 1999. Em 2002, elegeu-se senador. Em 2006, virou vice-governador do Distrito Federal na chapa de José Roberto Arruda (PR, ex-DEM), que viria a ser cassado devido aos desdobramentos do escândalo do mensalão do DEM. Octávio assumiu o mandato no lugar do ex-governador, mas renunciou semanas depois.Fonte: Câmara dos Deputados e CPDOC FGVOs demais 12 deputados que não se reelegeram têm histórias diferentes. Cinco desses desistiram da vida pública e não se candidataram mais a nada. Os demais tentaram a reeleição, não conseguiram e não assumiram mais qualquer outro cargo eletivo ou ligado à administração pública.Portanto, a afirmação do PMDB, de que apenas um deputado aliado a Collor se reelegeu, não tem qualquer amparo factual. FALSO.TwitterFacebookEmailWhatsAppLeia tambémCinco fatos sobre migraçãoNão é verdade que Moro afastou promotor do caso Queiroz e delegado que investiga morte de MarielleHomem em foto com Flávio Bolsonaro é assessor do senador, não acusado de matar Marielle]"	1
11	Bolsonaro autoriza execução da dívida da Globo de R$ 358 milhões de impostos sonegados	" #Verificamos: É falsa notícia de que Bolsonaro autorizou execução de dívida da GloboSuposta fonte da informação, Diário Oficial da União não traz qualquer decisão do tipoCircula nas redes sociais ""notícia"" de que o presidente Jair Bolsonaro autorizou a execução de uma suposta dívida da TV Globo no valor de R$ 358 milhões. Por meio do projeto de verificação de notícias, usuários do Facebook solicitaram que esse material fosse analisado. Confira a seguir o trabalho de verificação da Lupa:""Bolsonaro autoriza execução da dívida da Globo de R$ 358 milhões de impostos sonegados""Conteúdo publicado nos sites Primeiro Governo, Política Atual e De Olho News, com mais de 65 mil compartilhamentos até as 18h20 do dia 9 de janeiro de 2018FALSONão há qualquer decisão do presidente neste sentido registrada no Diário Oficial da União(DOU) do dia 8 de janeiro, como cita a publicação falsa. Também não há qualquer referência a uma suposta dívida da TV Globo nas edições publicadas entre os dias 2 e 9 de janeiro.O Grupo Globo aparece no DOU do dia 8 de janeiro, mas no detalhamento de um contrato do Fundo Nacional de Desenvolvimento da Educação com a Editora Globo Livros para a ""aquisição de obras literárias para atendimento ao Programa Nacional do Livro Didático."" O extrato está publicado na Seção 3. A Lupa contatou a Procuradoria-Geral da Fazenda Nacional (PGFN) que, em nota, confirmou a falsidade da informação. ""A notícia divulgada não tem procedência e não houve publicação de ato no Diário Oficial da União neste sentido"", diz a nota.A PGFN esclareceu, também, que ""a cobrança de débitos tributários federais é atividade administrativa estritamente vinculada, praticada pelos órgãos competentes que compõem a Administração Tributária Federal (Secretaria da Receita Federal do Brasil e Procuradoria-Geral da Fazenda Nacional), observando a legislação de regência e critérios exclusivamente técnicos"". Ou seja, não cabe ao presidente determinar a execução de dívidas. *Nota: esta reportagem faz parte do projeto de verificação de notícias no Facebook. Dúvidas sobre o projeto? Entre em contato direto com o Facebook.Editado por: Natália Leal"	1
12	Fraude nas urnas.	"""De fraude nas urnas a confisco de poupança: veja as \""fake news\"" do 1º turno  ""ulul"	1
13	Dilma Rousseff participou de atentado que matou soldado em 1968.	"Dilma não participou de atentado que matou soldado em 1968Dilma não participou de atentado que matou soldado em 1968TwitterFacebookE-mailWhatsAppDilma não participou de atentado que matou soldado em 1968Por Luiz Fernando Menezes 6 de novembro de 2018, 15h00TwitterFacebookEmailWhatsAppA ex-presidente Dilma Rousseff (PT) não participou do atentado a um quartel do Exército em São Paulo em junho de 1968, e que resultou na morte do soldado Mário Kozel Filho. Ao contrário do que afirma montagem que circula nas redes sociais desde sábado (3), a petista não integrava, na época, a VPR (Vanguarda Popular Revolucionária), organização responsável por lançar um carro-bomba contra a unidade militar. Ela também não aparece na lista de militantes da organização acusados de participarem da ação, conforme livro editado por militares após o fim da ditadura.Na verdade, em 1968, a petista fazia parte do Colina (Comando de Libertação Nacional), organização que, em 1969, viria a se fundir com a VPR para formar a VAR-Palmares (Vanguarda Armada Revolucionária - Palmares). Apesar de militar em organizações de extrema-esquerda durante a ditadura, não há evidências da participação de Dilma nas ações armadas promovidas por esses grupos.Não é a primeira vez que boatos tentam vincular a ex-presidente com a morte do soldado Kozel Filho. Em 2010, quando Dilma assumiu a Presidência da República, a mesma história falsa foi veiculada por sites como o Homem Culto. Agora, a montagem que reciclou as informações enganosas já acumula mais de 1.500 compartilhamentos no Facebook. O conteúdo foi denunciado por usuários daquela rede social e classificado por Aos Fatos como FALSO na ferramenta de verificação (entenda como funciona). FALSOSeu professor de História contou que a Dilma me matou?O soldado Mário Kozel Filho morreu em um atentado ao Quartel General do II Exército, na cidade de São Paulo, em 26 de junho de 1968. Militantes da VPR (Vanguarda Popular Revolucionária) jogaram um carro-bomba com 20 quilos de dinamite contra o QG. Além de matar Kozel, a explosão deixou outros seis militares feridos.Dilma não integrava a VPR na época do ataque, mas outra organização - Colina (Comando de Libertação Nacional). Esta organização era formada por estudantes universitários em oposição ao regime militar e defendia a ação armada como meio para libertar o Brasil da ""opressão e da ditadura"" e, numa etapa posterior, criar o partido revolucionário da classe operária.Em 1969, Colina e VPR fundiram-se, criando, então, a VAR-Palmares (Vanguarda Armada Revolucionária - Palmares). O grupo foi responsável por algumas ações, como a do roubo ao cofre do ex-governador Adhemar Barros em 1969, caso que não contou com a participação de Dilma.Apesar de engajada na política estudantil e na produção e distribuição de jornais tidos como material subversivo, a ex-presidente não fez parte das ações militares dos grupos extremistas de esquerda que integrou, como informa biografia da petista no CPDOC-FGV e relatos de outros ex-militantes do Colina e companheiros de cela ao UOL.Escrito pelos militares Agnaldo del Nero, José Conegundes do Nascimento e Lício Maciel após o fim da ditadura, o livro ""As tentativas de tomada do poder"" busca detalhar as ações criminosas cometidas por grupos guerrilheiros de esquerda durante o regime militar. No trecho dedicado ao caso Mário Kozel, a obra lista como planejadores e executores do atentado os integrantes da VPR Waldir Carlos Sarapu, Wilson Egídio Fava, Onofre Pinto, Diógenes José de Carvalho Oliveira, José Araújo Nóbrega, Osvaldo Antônio dos Santos, Dulce de Souza Maia, Renata Ferraz Guerra de Andrade, José Ronaldo Tavares de Lira e Silva, e também Eduardo Collen Leite, que seria integrante da REDE (Resistência Democrática), outro grupo guerrilheiro. Não há qualquer menção a Dilma Rousseff.Essa lista de nomes, inclusive, já foi citada pelo presidente eleito Jair Bolsonaro (PSL), em um projeto de lei para incluir o nome de Mário Kozel ao Livro dos Heróis da Pátria. Nesse caso, o nome da ex-presidente também não foi citado entre os autores do ataque. TwitterFacebookEmailWhatsAppLeia tambémCinco fatos sobre migraçãoNão é verdade que Moro afastou promotor do caso Queiroz e delegado que investiga morte de MarielleHomem em foto com Flávio Bolsonaro é assessor do senador, não acusado de matar Marielle]"	1
14	"""Ministro da Educação troca número dois da pasta pela segunda vez em três dias"". O ministro da Educação, Ricardo Vélez Rodríguez, anunciou, na tarde desta quinta-feira (14), que vai trocar a Secretaria-Executiva do Ministério da Educação. ""De volta a Brasília, confirmo que Iolene Lima, da Secretaria de Educação Básica, assumirá a Secretaria-Executiva do Ministério da Educação""."	"""Ministro da Educação troca número dois da pasta pela segunda vez em três dias""Na terça-feira (12), o ministro Ricardo Vélez Rodríguez havia demitido Luís Antônio Tozi do cargo de secretário-executivo e anunciado o nome de Rubens Barreto da Silva para o cargo; nesta quinta, ele anunciou que Iolene Lima agora será a nova secretária-executiva. O ministro da Educação, Ricardo Vélez Rodríguez, anunciou, na tarde desta quinta-feira (14), que vai trocar a Secretaria-Executiva do Ministério da Educação. Por meio de suas redes sociais, ele afirmou que Iolene Lima assumirá o cargo de secretária-executiva, cargo que é considerado o ""número dois"" dentro do MEC.""De volta a Brasília, confirmo que Iolene Lima, da Secretaria de Educação Básica, assumirá a Secretaria-Executiva do Ministério da Educação"", afirmou ele em uma publicação no Twitter.Antes do anúncio, Iolene servia como secretária substituta da SEB, a Secretaria de Educação Básica do MEC.Essa é a segunda mudança no cargo em três dias. Até a última terça-feira (12), o secretário-executivo do MEC era Luiz Antônio Tozi. Ele foi demitido como último ato de uma ""reestruturação"" promovida por Vélez, após uma série de reuniões com o presidente Jair Bolsonaro. Além dele, outros seis diretores e secretários de áreas do MEC foram demitidos.Com a saída de Tozi, o nome de Rubens Barreto da Silva chegou a ser anunciado por Vélez, também em rede social. A nomeação de Barreto no cargo, no entanto, não chegou a ser publicada no ""Diário Oficial da União"".Conforme publicou o colunista do G1 Valdo Cruz, há uma ""guerra"" interna no MEC provocada por desentendimentos entre militares e seguidores do escritor Olavo de Carvalho. Essa disputa ficou mais evidente depois de uma sequência de polêmicas envolvendo atos do ministro da Educação, que acabaram sendo creditadas a um dos grupos e levaram à reorganização de funções na pasta.Resumo da criseIolene Maria de Lima é ligada a uma igreja batista do Interior de São Paulo e foi diretora de um colégio religioso paulista. Na madrugada desta quarta, ela embarcou com Ricardo Vélez para acompanhar o velório coletivo das vítimas do atentado em uma escola de Suzano (SP).Durante a viagem, ela criou uma nova conta no Twitter que, até a tarde desta quinta-feira, contava com apenas três mensagens, todas relacionadas à tragédia em Suzano.A quarta ela publicou após as 15h, depois do anúncio de seu nome para o cargo de secretária-executiva. ""Muito obrigada, Ministro @ricardovelez e Presidente @jairbolsonaro. Dediquei minha vida para a área da educação e me sinto honrada. É com grande alegria que assumo o cargo de tamanha importância para a educação do nosso país!"", escreveu Iolene.Na conta anterior dela _ que foi desativada, mas ainda pode ser acessada no histórico do Google _, o foco de Iolene era em mensagens religiosas e de apoio ao presidente Jair Bolsonaro. Em uma delas, ela dizia que ""O Brasil não será uma Venezuela"". "	-1
15	"""O Senado aproveu nesta terça-feira (12) um projeto que busca garantir à mulher o direito de a mamentar em locais públicos, privados abertos ao público ou de uso coletivo sem serem constranfidass."" ""De acordo com o projeto, será considerada conutda ilícita, sujeita a reparação de danos, qualquer ato que discrimine, proíba, reprimia ou constranja as mães que quiserem a mammentar os filhos."" ""O Senado aproveu nesta terça-feira (12) um projeto que busca garantir à mulher o direito de a mamentar em locais públicos, privados abertos ao público ou de uso coletivo sem serem constranfidass."""	"""Senado aprova projeto para punir quem constranger mulher que amamentar em público""Proposta prevê indenização em casos de discriminação, proibição, repressão ou constrangimento. Texto segue para análise da Câmara. O Senado aprovou nesta terça-feira (12) um projeto que busca garantir à mulher o direito de amamentar em locais públicos, privados abertos ao público ou de uso coletivo sem serem constrangidas.De acordo com o projeto, será considerada conduta ilícita, sujeita a reparação de danos, qualquer ato que discrimine, proíba, reprima ou constranja as mães que quiserem amamentar os filhos.O texto prevê, ainda, que o responsável pelo ato deverá pagar indenização, em valor igual ou superior a dois salários mínimos, a ser determinado pela Justiça.A proposta prevê ainda que a amamentação deve ser assegurada independentemente da existência de locais ou instalações reservadas. E que cabe à mulher a decisão de utilizar ou não esses ambientes, caso existam.A relatora da proposta na Comissão de Direitos Humanos, Maria do Carmo Alves (DEM-SE), afirma que não há uma lei federal sobre o assunto.""Os episódios de constrangimento de fato existem, tanto que o município de São Paulo foi levado a editar lei que prevê multa para quem constranger ou impedir a amamentação em público"", diz Maria do Carmo no relatório.A relatora da proposta em plenário, Selma Arruda (PSL-MT), afirmou que, ""pela primeira vez, [o Congresso] está dando ferramentas para assegurar o direito da mulher de amamentar publicamente"".O texto aprovado nesta terça-feira foi apresentado pela ex-senadora Vanessa Grazziotin (PCdoB-AM). Agora, caberá à Câmara analisar a proposta.A proposta foi aprovada em sessão que os parlamentares dedicaram ao Dia da Mulher, celebrado na última sexta-feira (8).O presidente do Senado, Davi Alcolumbre (DEM-AP), passou o comando da sessão à senadora Leila Barros, que conduziu a análise de projetos defendidos pela bancada feminina. Outras senadoras se sentaram à Mesa Diretora do plenário durante a sessão.Também nesta terça-feira, os senadores aprovaram um projeto que prevê que o agressor de mulher será obrigado a pagar à Previdência Social os valores de benefícios concedidos em decorrência de atos de violência doméstica e familiar.A proposta, de autoria da ex-senadora Marta Suplicy, também segue para análise da Câmara dos Deputados.A senadora Simone Tebet (MDB-MS) relatou a proposta em plenário e disse que o texto é ""justo e meritório"".""A mulher vítima de violência tem, claro, direito a licença, a tratamento de saúde; e, nesse tempo, ela é atendida pelo INSS. Então, a Previdência Social arca com essa despesa no sentido de ela, não trabalhando, continuar recebendo [...]. O projeto propõe que, automaticamente, a sentença já defina que o agressor terá que ressarcir a Previdência pelos danos causados a essa mulher e pelo custo que a Previdência Social teve"", afirmou Simone.A senadora Rose de Freitas (Pode-ES) também defendeu a aprovação da proposta. ""O agressor não pode achar que ele não tem nada a ver com aquela mulher, com aquela vítima, com o custo moral e físico dessa violência imensa; e que os cofres públicos têm que arcar com o pagamento, com todos os danos que ele causa"", disse.O senador Fernando Bezerra Coelho (MDB-PE) lembrou que, embora esse tipo de ressarcimento não esteja previsto na legislação atual, isso já está sendo aplicado.""Embora a Lei de Benefícios preveja expressamente apenas a possibilidade de ação regressiva contra os responsáveis por acidente do trabalho, com embasamento no Código Civil, esse tipo de ação tem alcançado também os responsáveis por acidentes graves de trânsito e os agressores em violência doméstica familiar"", declarou. "	-1
16	"""O ex-governador do Paraná Beto Richa foi solto por volta das 10h desta sexta-feira (1º) após decisão do presidente do Superior Tribunal de Justiça (STJ), ministro João Otávio de Noronha, na quinta-feira (31)."" Nada de concreto foi demonstrado que se prestasse a justificar a necessidade de proteger a instrução criminal e, com isso, justificar a preventiva decretada."" O ex-governador, Pepe Richa e mais oito pessoas foram denunciados na segunda-feira (28) pela força-tarefa da Lava Jato por corrupção passiva e pertencimento a organização criminosa no esquema de propina em contratos de concessão de pedágio."	"""Preso na Lava Jato, Beto Richa é solto após decisão do presidente do STJ""Ex-governador do Paraná estava preso desde sexta-feira (25) em uma operação que apura supostas fraudes na gestão de concessões de rodovias no estado. O ex-governador do Paraná Beto Richa foi solto por volta das 10h desta sexta-feira (1º) após decisão do presidente do Superior Tribunal de Justiça (STJ), ministro João Otávio de Noronha, na quinta-feira (31).O ex-governador saiu do complexo em um carro branco, acompanhado do seu advogado, e não falou com a imprensa. Em nota, a defesa dele disse que Richa nunca cometeu irregularidades, e que sempre esteve à disposição da justiça para provar inocência.Ele estava preso - por tempo indeterminado - desde a manhã de sexta-feira (25), quando foi deflagrada a 58ª fase da Operação Lava Jato. A investigação que originou o mandado de prisão apura supostos crimes na concessão de rodovias do estado.A força-tarefa da Lava Jato também denunciou o ex-governador por corrupção passiva, pertencimento a organização criminosa e lavagem de dinheiro.Ao mandar soltar Beto, Noronha concedeu ainda um salvo-conduto que impede Beto Richa e o irmão José Richa Filho, conhecido como Pepe Richa, ex-secretário estadual, de serem presos novamente no âmbito da mesma operação, exceto se houver motivo concreto previsto em lei.A Justiça Federal do Paraná considerou que a prisão era necessária por ""conveniência"" do andamento do processo em razão da suspeita de ação de obstrução, por supostamente coagir testemunha.Noronha considerou que não havia motivos para uma nova prisão de Beto Richa e mencionou que os fatos atribuídos ao ex-governador do Paraná são antigos, pois se referem ao período de 2011 e 2012.""Nada de concreto foi demonstrado que se prestasse a justificar a necessidade de proteger a instrução criminal e, com isso, justificar a preventiva decretada"", decidiu o ministro.Na manhã desta quinta, o ex-governador tinha sido transferido do Regimento de Polícia Montada, unidade da Polícia Militar (PM) localizada no Tarumã, em Curitiba, para o Complexo Médico-Penal (CMP), em Pinhais, na Região de Curitiba.No local, estão outros presos da Operação Lava Jato.A decisão para a transferência do ex-governador foi do juiz federal Paulo Sérgio Ribeiro, da 23ª Vara Federal de Curitiba - o mesmo que havia decretado a prisão.A transferência atendeu um pedido do Ministério Público Federal (MPF) que reivindicava que Richa fosse levado a uma das unidades prisionais onde estão os demais presos pela Polícia Federal (PF).A decisão cita uma portaria do Regimento de Polícia Montada de 2015 que permite que os presos na unidade possam, por exemplo, fazer ""inúmeras ligações telefônicas diárias"".Segundo a PF, a advogada de Richa intermediou com o comando do regimento para que o ex-governador fosse para a unidade da PM.O ex-governador, Pepe Richa e mais oito pessoas foram denunciados na segunda-feira (28) pela força-tarefa da Lava Jato por corrupção passiva e pertencimento a organização criminosa no esquema de propina em contratos de concessão de pedágio.Segundo o MPF, o esquema desviou R$ 8,4 bilhões por meio do aumento de tarifas de pedágio do Anel de Integração, e de obras rodoviárias não executadas. A propina paga em troca dos benefícios, conforme os procuradores, foi estimada em pelo menos R$ 35 milhões.Depois, a força-tarefa também denunciou Richa, um dos filhos dele e o contador da família por lavagem de dinheiro na compra de um terreno em um condomínio de Curitiba, em 2012.Veja mais notícias do estado no G1 Paraná."	-1
17	"""Marco Aurélio nega pedido de Flávio Bolsonaro para suspender investigação"" O ministro Marco Aurélio Mello, do Supremo Tribunal Federal (STF), decidiu negar nesta sexta-feira (1º) um pedido do deputado estadual e senador eleito Flávio Bolsonaro (PSL-RJ) para suspender as investigações do Ministério Público do Rio de Janeiro (MP-RJ) a partir de movimentações financeiras consideradas ""atípicas"" pelo Conselho de Controle de Atividades Financeiras (Coaf).Com a decisão de Marco Aurélio, a investigação do MP-RJ pode ser retomada.Flávio Bolsonaro e seu ex-motorista Fabrício Queiroz são alvos de procedimento investigatório do Ministério Público do Rio de Janeiro iniciado a partir de relatórios do Coaf."	"""Marco Aurélio nega pedido de Flávio Bolsonaro para suspender investigação"" O ministro Marco Aurélio Mello, do Supremo Tribunal Federal (STF), decidiu negar nesta sexta-feira (1º) um pedido do deputado estadual e senador eleito Flávio Bolsonaro (PSL-RJ) para suspender as investigações do Ministério Público do Rio de Janeiro (MP-RJ) a partir de movimentações financeiras consideradas ""atípicas"" pelo Conselho de Controle de Atividades Financeiras (Coaf).O senador eleito Flávio Bolsonaro disse, por meio de sua assessoria, que não vai se pronunciar por ora, mas que deve se manifestar no Senado sobre a decisão na tarde desta sexta-feira (1º). Flávio havia pedido a suspensão do procedimento investigatório com o argumento de que uma vez eleito senador, a competência para autorizar investigação seria do STF, por causa do foro privilegiado.Em entrevista ao blog há duas semanas, Marco Aurélio já tinha sinalizado que rejeitaria o pedido da defesa do senador eleito. ""Tenho negado seguimento a reclamações assim, remetendo ao lixo"", afirmou o ministro na ocasião.Com a decisão de Marco Aurélio, a investigação do MP-RJ pode ser retomada. O ministro também determinou o fim do sigilo do caso.Na decisão, Marco Aurélio afirma que a competência da Corte ""está delimitada, de forma exaustiva, na Constituição Federal"", e que cabe ao STF julgar deputados e senadores por crimes cometidos no exercício do mandato.""Reitero o que sempre sustentei: a competência do Tribunal é de Direito estrito, está delimitada, de forma exaustiva, na Constituição Federal. As regras respectivas não podem merecer interpretação ampliativa. A Lei Maior, ao prever cumprir ao Supremo julgar Deputados e Senadores, há de ter abrangência definida pela conduta criminosa: no exercício do mandato e relacionada, de algum modo, a este último"", disse o ministro.Marco Aurélio disse, ainda, que a Corte não pode servir de ""elevador processual"".""A situação jurídica não se enquadra na Constituição Federal em termos de competência do Supremo. Frise-se que o fato de alcançar-se mandato diverso daquele no curso do qual supostamente praticado delito não enseja o chamado elevador processual, deslocando-se autos de inquérito, procedimento de investigação penal ou processo-crime em tramitação"", afirmou o ministro.Após a decisão do ministro, o MP-RJ comunicou que o procurador-geral de Justiça, Eduardo Gussem, encaminhou onze Procedimentos de Investigação Criminal (PICs) abertos a partir dos relatórios do Coaf para a coordenação da 1ª Central de Inquéritos.""Caberá a essa coordenação remeter os expedientes para a Promotoria de Justiça com atribuição para prosseguir nas investigações"", informou o MP.Flávio Bolsonaro e seu ex-motorista Fabrício Queiroz são alvos de procedimento investigatório do Ministério Público do Rio de Janeiro iniciado a partir de relatórios do Coaf. O conselho identificou uma movimentação suspeita de R$ 1,2 milhão na conta de Queiroz e também na conta de Flávio Bolsonaro _ em um mês, foram 48 depósitos em dinheiro, no total de R$ 96 mil, de acordo com o Coaf.Os depósitos, concentrados no autoatendimento da agência bancária que fica dentro da Assembleia Legislativa do Rio (Alerj), foram feitos sempre no mesmo valor: R$ 2 mil.A investigação faz parte da Operação Furna da Onça, desdobramento da Lava Jato no Rio de Janeiro que prendeu dez deputados estaduais.De acordo com o Coaf, nove funcionários do gabinete de Flávio Bolsonaro na Assembleia Legislativa do Rio de Janeiro transferiam dinheiro para a conta de Fabrício Queiroz em datas que coincidem com as datas de pagamento de salário.O filho do presidente Jair Bolsonaro tem dito estar à disposição da Justiça para prestar esclarecimentos, mas não atendeu aos convites do Ministério Público para apresentar as explicações.Ainda durante o recesso do Judiciário, o ministro Luiz Fux, do STF, mandou suspender provisoriamente o procedimento investigatório do MP-RJ atendendo a pedido de Flávio Bolsonaro, até que o relator do caso, ministro Marco Aurélio pudesse decidir.Na reclamação ao STF, Flávio Bolsonaro argumentava que o Ministério Público requereu ao Coaf informações sobre dados sigilosos de sua titularidade e que as informações do procedimento investigatório foram obtidas de forma ilegal, sem consultar a Justiça.Segundo Flávio, houve usurpação de competência da Corte para decidir sobre o precedimento investigatório, uma vez que foi confirmada sua eleição como senador e que só o Supremo poderia decidir neste caso.Ele alegou, ainda, que ""o Ministério Público do Rio se utilizou do Coaf para criar atalho e se furtar ao controle do Poder Judiciário, realizando verdadeira burla às regras constitucionais de quebra de sigilo bancário e fiscal"".Flávio Bolsonaro pediu a suspensão de todos os atos da investigação em curso até que se decida a respeito da competência do Supremo para processar e julgar e ainda o reconhecimento da ilegalidade das provas e de todas as diligências de investigação determinadas a partir delas. "	-1
18	"""A procuradora-geral da República, Raquel Dodge, defendeu junto ao Supremo Tribunal Federal (STF) que travestis e transexuais que se identifiquem com o gênero feminino possam ser transferidas para prisões femininas caso tenham feito essa opção."" ""A associação quer dar às travestis a opção de escolher entre prisões masculinas ou femininas, alegando risco à integridade física e à dignidade dessas pessoas."" ""Segundo Dodge, é ""patente o quadro de violação inconstitucional de direitos humanos das mulheres transexuais e de travestis mantidas em estabelecimentos prisionais incompatíveis com sua identidade de gênero""."" ""Não há previsão para julgamento no plenário do STF."""	"""Dodge defende que travestis e trans possam ser transferidas para prisões femininas""Associação quer que travestis possam escolher entre prisões masculinas ou femininas, de acordo com o gênero com que se identificam. Ação está no STF, mas não há data para julgamento. A procuradora-geral da República, Raquel Dodge, defendeu junto ao Supremo Tribunal Federal (STF) que travestis e transexuais que se identifiquem com o gênero feminino possam ser transferidas para prisões femininas caso tenham feito essa opção.O parecer foi encaminhado na quinta-feira (21) em uma ação que discute na Corte se travestis podem ficar presas junto de mulheres. O relator é o ministro Luís Roberto Barroso.O pedido foi apresentado pela Associação Brasileira de Lésbicas, Gays, Bissexuais, Travestis e Transexuais em junho do ano passado e questiona norma do governo que prevê a separação das travestis em local específico dentro de prisões masculinas.A entidade quer dar às travestis a opção de escolher entre prisões masculinas ou femininas, alegando risco à integridade física e à dignidade dessas pessoas.Para Dodge, a manutenção em presídios masculinos contraria direitos fundamentais previstos na Constituição Federal e resolução conjunta da Presidência da República e do Conselho de Combate à Discriminação, de abril de 2014.A resolução do Conselho Nacional de Política Criminal e Penitenciária já prevê esse direito, mas a associação diz que vários juízes têm negado pedidos de transexuais para serem transferidas.Segundo Dodge, é ""patente o quadro de violação inconstitucional de direitos humanos das mulheres transexuais e de travestis mantidas em estabelecimentos prisionais incompatíveis com sua identidade de gênero"".Em agosto, a Advocacia Geral da União (AGU), responsável pela defesa dos órgãos públicos federais, foi contrária ao pedido, argumentando que já é oferecido um espaço próprio e separado dos homens nas prisões.""Aos travestis recolhidos em unidades prisionais masculinas serão ofertados espaços de vivência específicos, se assim o desejarem. A disposição hostilizada, portanto, considera a segurança e a especial vulnerabilidade dessas pessoas, inibindo, até mesmo, que sofram eventuais discriminações decorrentes da sua forma de vestimenta ou do seu comportamento"", diz o parecer da AGU.Não há previsão para julgamento no plenário do STF. A associação pediu uma decisão liminar (individual e provisória) do ministro, mas ele pediu informações aos órgãos antes de tomar alguma providência. "	-1
19	"Corpo de Vavá, irmão de Lula, é enterado em cemitério em São Bernardo do Campo. O ex-presidente está preso desde abril do ano passado na Superintendência da Polícia Federal em Curitiba. ""Eu preciso dar risada. A lei disse que pode vir. No regime militar, minha vó morreu e foi enterrada nesse cemitério, e ele [Lula] veio. Agora, que vivemos em uma democracia, a Justiça não permite por N motivos. Criaram uma série de motivos. É uma piada"", disse Edson Inácio da Silva, filho de Vavá."	"""Corpo de Vavá, irmão de Lula, é enterrado em cemitério em São Bernardo do Campo""Ex-presidente pediu à Justiça autorização para que pudesse acompanhar cerimônia, mas não conseguiu liberação a tempo do sepultamento. O corpo de Genival Inácio da Silva, irmão do ex-presidente Luiz Inácio Lula da Silva, foi enterrado no início da tarde desta quarta-feira (30) no Cemitério Paulicéia, em São Bernardo do Campo, ABC Paulista. Conhecido como Vavá, ele tinha 79 anos e morreu na terça (29), vítima de câncer.O corpo foi velado durante a manhã. Em seguida, foi levado para uma capela no mesmo cemitério, onde foi realizada uma cerimônia religiosa com parentes, amigos e integrantes do PT e do Sindicato dos Metalúrgicos do ABC.Estiveram na cerimônia a presidente nacional do PT, Gleisi Hoffmann, o vereador Eduardo Suplicy, os ex-prefeitos Fernando Haddad (São Paulo) e Luiz Marinho (São Bernardo), Frei Betto, entre outros.A defesa de Lula conseguiu no Supremo Tribunal Federal (STF) a autorização para que o ex-presidente se encontrasse com familiares em São Bernardo. O ex-presidente está preso desde abril do ano passado na Superintendência da Polícia Federal em Curitiba.A decisão de liberar Lula para ir à cidade do ABC foi proferida pelo presidente da Corte, Dias Toffoli, de plantão no recesso do Judiciário. Ela saiu pouco antes de o corpo de Vavá ser sepultado.Toffoli assegurou o direito de Lula de se encontrar com os familiares em unidade militar em São Bernardo, com a possibilidade de que o corpo de Vavá fosse levado até lá.""Por essas razões, concedo ordem de habeas corpus de ofício para, na forma da lei, assegurar, ao requerente Luiz Inácio Lula da Silva, o direito de se encontrar exclusivamente com os seus familiares, na data de hoje, em Unidade Militar na Região, inclusive com a possibilidade do corpo de cujos ser levado à referida unidade militar, a critério da família"", decidiu o presidente do Supremo.Parentes e integrantes do PT presentes no sepultamento consideraram a decisão tardia. ""Eu preciso dar risada. A lei disse que pode vir. No regime militar, minha vó morreu e foi enterrada nesse cemitério, e ele [Lula] veio. Agora, que vivemos em uma democracia, a Justiça não permite por N motivos. Criaram uma série de motivos. É uma piada"", disse Edson Inácio da Silva, filho de Vavá.""A família vai [visitar Lula em Curitiba], as pessoas vão, os primos vão, meus tios vão, a gente tem feito regularmente, mas não tem sentido tirar ele de lá, do meu modo de ver, para encontrar com a família, se o principal ponto acabou sendo sepultado"", completou o filho de Vavá.O ex-ministro Gilberto Carvalho disse que o ex-presidente não irá a São Bernardo. ""É lamentável que a decisão só tenha saído a essa hora. É totalmente inviável"", disse. ""O Lula com muita dignidade agradeceu, mas não vem, não faz sentido mais.""Ele elogiou a decisão de Toffoli. ""Nós somos gratos a ele nesse sentido. Ele faz uma crítica correta à crueldade da juíza, ao cinismo da Polícia Federal, que alegou razões logísticas e de segurança para impedir um direito do presidente Lula. Contra Lula não há limite, não vamos nos iludir. Eles farão de tudo para quebrar a espinha dorsal do presidente"", acrescentou.Paulo Okamotto, presidente do Instituto Lula, disse considerar ""um absurdo"" a demora em liberar o ex-presidente. ""O Lula é tratado com excepcionalidade pela Justiça, de forma seletiva"", disse. ""Esse é o enfrentamento que nós temos que fazer: mostrar que o Lula, em muitos direitos, está sendo prejudicado, em muitas discussões ele está sendo prejudicado, porque sempre há um julgamento político sobre as atitudes dele.""O pedido inicial foi negado pela juíza responsável pela execução da pena, Carolina Lebbos. A magistrada seguiu manifestações da Polícia Federal (PF) e do Ministério Público, que afirmavam não haver tempo hábil para que a logística de transporte do ex-presidente fosse realizada a tempo do final do sepultamento.Os advogados de Lula recorreram ao Tribunal Regional da 4ª Região (TRF-4), mas o desembargador Leandro Paulsen manteve a sentença. A defesa então foi ao Supremo Tribunal Federal (STF).No pedido apresentado à Suprema Corte, a defesa argumentou que a Lei de Execução Penal prevê o ""direito humanitário"" de o ex-presidente comparecer ao velório.Segundo a norma, os condenados que cumprem pena em regime fechado ou semi-aberto e os presos provisórios podem obter permissão para sair da cadeia, desde que escoltados, quando há o falecimento ou doença grave do cônjuge, companheira, ascendente, descendente ou irmão.""Não é possível tornar os direitos dos cidadãos brasileiros letra morta diante de considerações consequencialistas, ancoradas sobre os argumentos burocráticos da reserva do possível ou da preservação da ordem pública, especialmente quando tais questões podem ser facilmente solucionadas"", disse a defesa no documento.Os advogados do ex-presidente ainda argumentaram que mesmo preso durante a ditadura militar, em 1980, Lula teve autorização para comparecer ao velório da mãe, Eurídice Ferreira Mello, a Dona Lindu.""Ora, anota-se, um preso político àquela época teve seu direito resguardado de comparecer às cerimônias fúnebres de sua genitora; desta feita, em situação semelhante (para dizer o mínimo), deve poder exercer o mesmo direito no caso das cerimônias fúnebres de um irmão, ainda mais agora que a lei expressamente lhe assegura essa garantia"", afirmaram os advogados. "	-1
